name,aliases,category,source,external_id,search_text,calories_100g,protein_100g,carbs_100g,fat_100g,fiber_100g,sodium_100g,sugar_100g,saturated_fat_100g,brands,original_name_en
Natural Spring Water,{},bebidas,ai_estimated,0075720431151,natural spring water,,,,,,,,,Poland Spring,Natural Spring Water
Nestlé Pureza Vital Sem Gás 510ML,{},bebidas,ai_estimated,3700123302360,nestlé pureza vital sem gás 510ml,,,,,,,,,Nestlé,
2.0,{},bebidas,ai_estimated,7891000053508,2.0,,,,,,,,,"Nestlé,Nescau",
Bonafont Água Leve,{},bebidas,ai_estimated,7891025102113,bonafont água leve,,,,,,,,,Bonafont,
Matte Leão,{},bebidas,ai_estimated,7891098000026,matte leão,,,,,,,,,Leao Fuze,
Água Mineral Natural Crystal sem Gás,{},bebidas,ai_estimated,7894900530056,água mineral natural crystal sem gás,,,,,,,,,Coca Cola Brasil,
AGUA MIN CRYSTAL C/GAS 50OML,{},bebidas,ai_estimated,7894900531008,agua min crystal c/gas 50oml,,,,,,,,,Coca-Cola,
Coca Cola Zero Açúcar,{},bebidas,ai_estimated,7894900700015,coca cola zero açúcar,,,,,,,,,Coca-Cola,Coca-Cola Zero Açúcar
Água Mineral São Lourenço Com Gás,{},bebidas,ai_estimated,7896062801050,água mineral são lourenço com gás,,,,,,,,,"São Lourenço,Nestlé Waters Brasil,Nestlé",
Água Mineral São Lourenço Sem Gás,{},bebidas,ai_estimated,7896062802354,água mineral são lourenço sem gás,,,,,,,,,"São Lourenço,Nestlé Waters Brasil,Nestlé",
Água Mineral Minalba Com Gás,{},bebidas,ai_estimated,7896065870497,água mineral minalba com gás,,,,,,,,,"Minalba,Minalba Alimentos e Bebidas",
Água Mineral Natural sem gás,{},bebidas,ai_estimated,7896065880069,água mineral natural sem gás,,,,,,,,,Minalba,Água Mineral Natural sem gás
Água Mineral Petrópolis Sem Gás,{},bebidas,ai_estimated,7896279000567,água mineral petrópolis sem gás,,,,,,,,,Petrópolis Paulista,
Água Mineral Natural Petrópolis Com Gás,{},bebidas,ai_estimated,7896279000574,água mineral natural petrópolis com gás,,,,,,,,,Petrópolis Paulista,
Água Mineral Natural Passa Quatro Sem Gás,{},bebidas,ai_estimated,7896984205004,água mineral natural passa quatro sem gás,,,,,,,,,Passa Quatro,
Coca-Cola Zero,{},bebidas,ai_estimated,78912892,coca-cola zero,,,,,,,,,Coca-Cola,
Fonte Levissima,{},bebidas,ai_estimated,7896062800015,fonte levissima,,,,,,,,,,
Agua Bonafont 500 ml,{},bebidas,ai_estimated,7891025110941,agua bonafont 500 ml,,,,,,,,,,Agua Bonafont 500 ml
Adoçante Líquido Sacarina Adocyl Frasco 100ml,{},bebidas,ai_estimated,7891104393104,adoçante líquido sacarina adocyl frasco 100ml,,,,,,,,,ADOCYL,
Crystal - sem gás,{},bebidas,ai_estimated,7894900530032,crystal - sem gás,,,,,,,,,Coca-Cola Brasil,Crystal - sem gás
H2OH limoneto,{},bebidas,ai_estimated,7892840812874,h2oh limoneto,,,,,,,,,"H2,H2 HO",
Guaraná Antartica Zero,{},bebidas,ai_estimated,7891991008785,guaraná antartica zero,,,,,,,,,Antarctica,
Água com gás saboe frutas vermelhas,{},bebidas,ai_estimated,7894900521504,água com gás saboe frutas vermelhas,,,,,,,,,Crystal,Água com gás saboe frutas vermelhas
Sal Atlantis,{},bebidas,ai_estimated,7896283000164,sal atlantis,,,,,,,,,Jasmine,
Água com gás Cristal da Terra,{},bebidas,ai_estimated,7896513077300,água com gás cristal da terra,,,,,,,,,Cristal da Terra,
Agua mineral natural sin gas,{},bebidas,ai_estimated,0700083273888,agua mineral natural sin gas,,,,,,,,,,
Sal com reduzido teor de sódio - Iodado,{},bebidas,ai_estimated,7896035210087,sal com reduzido teor de sódio - iodado,,,,,,,,,Cisne,
Agua,{},bebidas,ai_estimated,7896451194541,agua,,,,,,,,,cristalina,
Lnhhhh,{},bebidas,ai_estimated,0887961721843,lnhhhh,,,,,,,,,uuhj,
Água Mineral com Gás,{},bebidas,ai_estimated,7896436100642,água mineral com gás,,,,,,,,,Água da Pedra,
Sal Lebre Light Refinado Iodado,{},bebidas,ai_estimated,7896110194264,sal lebre light refinado iodado,,,,,,,,,Sal Lebre,
Água Mineral Natural Sem Gás Fonte Timbu,{},bebidas,ai_estimated,7896349600192,água mineral natural sem gás fonte timbu,,,,,,,,,Timbu,
Agua mineral,{},bebidas,ai_estimated,7898386200083,agua mineral,,,,,,,,,,
Água Mineral Natural Classic Sem Gás,{},bebidas,ai_estimated,7898966655005,água mineral natural classic sem gás,,,,,,,,,Santa Justina,
Detergente Ypê Clear,{},bebidas,ai_estimated,7896098900253,detergente ypê clear,,,,,,,,,,
AGUA MIN CRYSTAL S/GAS 500ML,{},bebidas,ai_estimated,7894900530001,agua min crystal s/gas 500ml,,,,,,,,,CRYSTAL,
Água lebrinha,{},bebidas,ai_estimated,7897520800103,água lebrinha,,,,,,,,,,
Água,{},bebidas,ai_estimated,7896385800372,água,,,,,,,,,Sarandi,
"Água Crystal C/Gás 1,5L",{},bebidas,ai_estimated,7894900531015,"água crystal c/gás 1,5l",,,,,,,,,,
Black,{},bebidas,ai_estimated,7892840819323,black,,,,,,,,,Pepsi,
Guaraná Sarandi Zero,{},bebidas,ai_estimated,7896385800853,guaraná sarandi zero,,,,,,,,,Sarandi,
Bicarbonato De Sódio Kitano Pacote 30g,{},bebidas,ai_estimated,7891095154258,bicarbonato de sódio kitano pacote 30g,,,,,,,,,YOKI,
Bicarbonato De Sódio Kitano Pouch 80g,{},bebidas,ai_estimated,7891095604753,bicarbonato de sódio kitano pouch 80g,,,,,,,,,YOKI,
Fit Limão Diet,{},bebidas,ai_estimated,7891132001071,fit limão diet,,,,,,,,,AJINOMOTO,
Água Tônica Rosé Orgânica Zero Sódio Wewi Premium Garrafa 255ml,{},bebidas,ai_estimated,7898950338464,água tônica rosé orgânica zero sódio wewi premium garrafa 255ml,,,,,,,,,WEWI,
Chá Verde Jabuticaba Zero Açúcar Yaí Caixa 1l,{},bebidas,ai_estimated,7898651400569,chá verde jabuticaba zero açúcar yaí caixa 1l,,,,,,,,,YAÍ,
Chá Verde Limão Life Mix Caixa 1l,{},bebidas,ai_estimated,7898954360454,chá verde limão life mix caixa 1l,,,,,,,,,LIFE MIX,
Refrigerante Guaraná Zero Açúcar Antarctica Garrafa 200ml,{},bebidas,ai_estimated,7891991016124,refrigerante guaraná zero açúcar antarctica garrafa 200ml,,,,,,,,,Guaraná Antarctica,Guaraná Antarctica zero
S.PELLEGRINO - Agua mineral natural con gas carbónico añadido,{},bebidas,ai_estimated,8002270136559,s.pellegrino - agua mineral natural con gas carbónico añadido,,,,,,,,,"Nestlé, San Pellegrino",
AGUA MINERAL NATURAL S/G MG,{},bebidas,ai_estimated,7898972721008,agua mineral natural s/g mg,,,,,,,,,Leven,
DR. OETKER Essência de Baunilha,{},bebidas,ai_estimated,7891048043035,dr. oetker essência de baunilha,,,,,,,,,DR. OETKER,
BR SPICES Sal Rosa Himalaia Fino,{},bebidas,ai_estimated,7898635644590,br spices sal rosa himalaia fino,,,,,,,,,BR SPICES,
BR SPICES Sal Parrilla para Churrasco,{},bebidas,ai_estimated,7898635643623,br spices sal parrilla para churrasco,,,,,,,,,BR SPICES,
BR SPICES Sal Parrilla Clássico,{},bebidas,ai_estimated,7898635640738,br spices sal parrilla clássico,,,,,,,,,BR SPICES,
VELEZ FOODS Sal de Parrilla para Churrasco,{},bebidas,ai_estimated,7899936400410,velez foods sal de parrilla para churrasco,,,,,,,,,VELEZ FOODS,
D'CHEFF Sal Grosso Tempero Gaúcho,{},bebidas,ai_estimated,7898416526855,d'cheff sal grosso tempero gaúcho,,,,,,,,,D'CHEFF,
COMPANHIA DAS ERVAS Tempero para Carnes,{},bebidas,ai_estimated,7897269926515,companhia das ervas tempero para carnes,,,,,,,,,COMPANHIA DAS ERVAS,
LEGURMÊ Molho Barbecue Zero Calorias,{},bebidas,ai_estimated,7898959224652,legurmê molho barbecue zero calorias,,,,,,,,,LEGURMÊ,
COMPANHIA DAS ERVAS Molho de Pimenta-de-Cheiro,{},bebidas,ai_estimated,7897269910620,companhia das ervas molho de pimenta-de-cheiro,,,,,,,,,COMPANHIA DAS ERVAS,
"Coca-Cola Zero Açúcar 1,5l",{},bebidas,ai_estimated,7894900701753,"coca-cola zero açúcar 1,5l",,,,,,,,,"Refrigerante,Coca cola,Coca-cola,Refrigerante zero","Coca-Cola Zero 1,5"
Pasta de dente,{},bebidas,ai_estimated,0509546654034,pasta de dente,,,,,,,,,,pasta de dente
365 desenho para colorir,{},bebidas,ai_estimated,9786556172613,365 desenho para colorir,,,,,,,,,,
Coca-cola Zero sem Açúcar 12 Garrafas 200 mL,{},bebidas,ai_estimated,7894900702217,coca-cola zero sem açúcar 12 garrafas 200 ml,,,,,,,,,"Coca-Cola,Spal Industria Brasileira de Bebidas S.A.",
VAL: 09/11/2025,{},bebidas,ai_estimated,5601216120053,val: 09/11/2025,,,,,,,,,Andorinha,
Água Mineral Natural Prara,{},bebidas,ai_estimated,7897123884029,água mineral natural prara,,,,,,,,,,
Água mineral natural Ster Bom,{},bebidas,ai_estimated,7898005516175,água mineral natural ster bom,,,,,,,,,Ster Bom,
9002490280901,{},bebidas,ai_estimated,9002490280901,9002490280901,,,,,,,,,,
Coca zero,{},bebidas,ai_estimated,7894900701593,coca zero,,,,,,,,,Coca cola,Coca cola Zero
Ginger Ale - SIN AZÚCAR,{},bebidas,ai_estimated,7801610310489,ginger ale - sin azúcar,,,,,,,,,Schweppes,Ginger Ale - SIN AZÚCAR
Guaraná zero 200ml,{},bebidas,ai_estimated,0895994056566,guaraná zero 200ml,,,,,,,,,Guaraná Antartica,Guaraná zero 200ml
The Maçã Edition Sugarfree,{},bebidas,ai_estimated,9002490290450,the maçã edition sugarfree,,,,,,,,,"Red Bull, RedBull",The Maçã Edition Sugarfree Energy Drink
Adoçante dietético líquido,{},doces,ai_estimated,7896094910959,adoçante dietético líquido,,,,,,,,,Zero Cal,
Adoçante Líquido Zero Cal 100ML Ciclamato Unit,{},doces,ai_estimated,7896094910904,adoçante líquido zero cal 100ml ciclamato unit,,,,,,,,,,Adoçante Líquido Zero Cal 100ML Ciclamato Unit
Adoçante MAGRO,{},doces,ai_estimated,7896292001442,adoçante magro,,,,,,,,,,Adoçante MAGRO
Adoçante dietético líquido com sucralose,{},doces,ai_estimated,7896094914070,adoçante dietético líquido com sucralose,,,,,,,,,Adocyl,Adoçante dietético líquido com sucralose
SóStevia Stevia 100% Adoçante Dietético Líquido,{},doces,ai_estimated,7896292000971,sóstevia stevia 100% adoçante dietético líquido,,,,,,,,,"Lowçucar,Lightsweet",
Adoçante,{},doces,ai_estimated,7891104393067,adoçante,,,,,,,,,adoçante,
Adoçante Líquido Sucralose Linea Caixa 75ml,{},doces,ai_estimated,7896001250628,adoçante líquido sucralose linea caixa 75ml,,,,,,,,,LINEA,
Adoçante Líquido Eritritol Zero Cal Caixa 65ml,{},doces,ai_estimated,7896094919136,adoçante líquido eritritol zero cal caixa 65ml,,,,,,,,,ZERO CAL,
Adoçante Em Pó Culinário Eritritol Linea,{},doces,ai_estimated,7896001200012,adoçante em pó culinário eritritol linea,,,,,,,,,LINEA,
Adoçante edulcorante,{},doces,ai_estimated,71543857,adoçante edulcorante,,,,,,,,,sacarina,
MAGRO Adoçante 100% Stevia,{},doces,ai_estimated,7896292011007,magro adoçante 100% stevia,,,,,,,,,Magro,
CEPÊRA Aroma Artificial de Baunilha,{},doces,ai_estimated,7896025801073,cepêra aroma artificial de baunilha,,,,,,,,,CEPÊRA,
Mais Vita Sal Moído Iodado,{},molhos_temperos,ai_estimated,7891095600847,mais vita sal moído iodado,,,,,,,,,"Yoki,Yoki Alimentos,Norsal,Norte Salineira",
Sale iodato di Sicilia,{},molhos_temperos,ai_estimated,8006614091177,sale iodato di sicilia,,,,,,,,,Collítali,Sale Bianco di Sicilia
Sal fina,{},molhos_temperos,ai_estimated,7790072001014,sal fina,,,,,,,,,"Celusal,Timbo",
Sal moído iodado,{},molhos_temperos,ai_estimated,7896110194363,sal moído iodado,,,,,,,,,Almirante,
Sal Marinho lebre,{},molhos_temperos,ai_estimated,7896110100043,sal marinho lebre,,,,,,,,,Sal Lebre,
Sal Rosa do Himalaia,{},molhos_temperos,ai_estimated,7898957617807,sal rosa do himalaia,,,,,,,,,Smart,
Noix de rapé,{},molhos_temperos,ai_estimated,7896327511830,noix de rapé,,,,,,,,,APTI,
Amaciante de Carnes,{},molhos_temperos,ai_estimated,7891000502303,amaciante de carnes,,,,,,,,,"Maggi,Nestlé",
Mix Barbecue Para Carne Com Moedor Br Spices Churrasco Vidro 80g,{},molhos_temperos,ai_estimated,7898946900972,mix barbecue para carne com moedor br spices churrasco vidro 80g,,,,,,,,,BR SPICES,
Sabor ami,{},molhos_temperos,ai_estimated,7891132000029,sabor ami,,,,,,,,,Ajinomoto,
Sal gruesa,{},molhos_temperos,ai_estimated,7791004000822,sal gruesa,,,,,,,,,"Celusal,Timbo",
MAVALÉRIO Aroma Idêntico ao Natural de Baunilha Branca,{},molhos_temperos,ai_estimated,7898409950742,mavalério aroma idêntico ao natural de baunilha branca,,,,,,,,,MAVALÉRIO,
MAVALÉRIO Essência de Baunilha,{},molhos_temperos,ai_estimated,7896072630121,mavalério essência de baunilha,,,,,,,,,MAVALÉRIO,
MIX Aroma Artificial de Baunilha,{},molhos_temperos,ai_estimated,7897011500536,mix aroma artificial de baunilha,,,,,,,,,MIX,
ARCOLOR Essência de Baunilha Branca,{},molhos_temperos,ai_estimated,7896226300436,arcolor essência de baunilha branca,,,,,,,,,ARCOLOR,
PALLNI Aroma de Baunilha,{},molhos_temperos,ai_estimated,7897670720016,pallni aroma de baunilha,,,,,,,,,PALLNI,
KISABOR Aroma de Baunilha,{},molhos_temperos,ai_estimated,7898416525094,kisabor aroma de baunilha,,,,,,,,,KISABOR,
SMART Sal Rosa do Himalaia Grosso,{},molhos_temperos,ai_estimated,7898957617487,smart sal rosa do himalaia grosso,,,,,,,,,SMART,
BR SPICES Sal Rosa Himalaia Grosso,{},molhos_temperos,ai_estimated,7898635640066,br spices sal rosa himalaia grosso,,,,,,,,,BR SPICES,
COLLECTA Sal Rosa do Himalaia Fino,{},molhos_temperos,ai_estimated,7898952825504,collecta sal rosa do himalaia fino,,,,,,,,,COLLECTA,
COLLECTA Sal Rosa do Himalaia Grosso,{},molhos_temperos,ai_estimated,7898952825528,collecta sal rosa do himalaia grosso,,,,,,,,,COLLECTA,
OISHII Sal do Himalaia Fino,{},molhos_temperos,ai_estimated,7898714350251,oishii sal do himalaia fino,,,,,,,,,OISHII,
VILA CERRONI Sal Grosso para Churrasco,{},molhos_temperos,ai_estimated,7898949791409,vila cerroni sal grosso para churrasco,,,,,,,,,VILA CERRONI,
Fumaça Líquida Bombay Herbs & Spices,{},molhos_temperos,ai_estimated,7898453466879,fumaça líquida bombay herbs & spices,,,,,,,,,Herbs & Spices,
Fumaça Líquida Gastronomia Eco-Pirol,{},molhos_temperos,ai_estimated,7982505490520,fumaça líquida gastronomia eco-pirol,,,,,,,,,Eco-Pirol,
Fumaça Líquida Puro Fogo,{},molhos_temperos,ai_estimated,0742832952323,fumaça líquida puro fogo,,,,,,,,,Puro Fogo,
Fumaça Líquida O Sabor do Texas,{},molhos_temperos,ai_estimated,7898933404469,fumaça líquida o sabor do texas,,,,,,,,,O Sabor do Texas,
Fumaça Liquida - Aroma e Sabor Defumado Arrifana,{},molhos_temperos,ai_estimated,7896056105621,fumaça liquida - aroma e sabor defumado arrifana,,,,,,,,,Arrifana,
Fumaça Líquida Bom de Brasa,{},molhos_temperos,ai_estimated,7897261901183,fumaça líquida bom de brasa,,,,,,,,,Bom de Brasa,
Sal Rosa do Himalaia Grosso Mundo Verde Seleção 500g,{},molhos_temperos,ai_estimated,7898941401788,sal rosa do himalaia grosso mundo verde seleção 500g,,,,,,,,,,
Sal Rosa Do Himalaia Moído Mundo Verde 500g,{},molhos_temperos,ai_estimated,7898180903524,sal rosa do himalaia moído mundo verde 500g,,,,,,,,,Mundo Verde,
Sal Light 500g - Neve,{},molhos_temperos,ai_estimated,7898028000156,sal light 500g - neve,,,,,,,,,Neve,
Sal Maríssimo 500g - Mãe Terra,{},molhos_temperos,ai_estimated,7896496941322,sal maríssimo 500g - mãe terra,,,,,,,,,,
Sal do Himalaia Fino 600g - Eat Clean,{},molhos_temperos,ai_estimated,7898958059378,sal do himalaia fino 600g - eat clean,,,,,,,,,,
Sal de Parrilla Gourmet 600g - Bombay,{},molhos_temperos,ai_estimated,7898453465568,sal de parrilla gourmet 600g - bombay,,,,,,,,,Bombay,
Bicarbonato de sódio chinezinho,{},molhos_temperos,ai_estimated,7896046600112,bicarbonato de sódio chinezinho,,,,,,,,,Chinezinho,Sodium bicarbonate
Sal refinado,{},molhos_temperos,ai_estimated,7895000352371,sal refinado,,,,,,,,,Qualitá,
"Vegan Vitamin B12 Sublingual Deva Vegan Tablets, 90 CT",{},outros,ai_estimated,0895634000218,"vegan vitamin b12 sublingual deva vegan tablets, 90 ct",,,,,,,,,Deva,Vegan B12
Matte Leáo,{},outros,ai_estimated,5297498000680,matte leáo,,,,,,,,,,
Taca copa do mundo,{},outros,ai_estimated,7891008244137,taca copa do mundo,,,,,,,,,garoto,
Cisne Tradicional,{},outros,ai_estimated,7896035271538,cisne tradicional,,,,,,,,,Cisne,
Água Mineral Natural,{},outros,ai_estimated,7896062800022,água mineral natural,,,,,,,,,Petrópolis,Água Mineral Natural
Água Mineral Minalice,{},outros,ai_estimated,7896326100202,água mineral minalice,,,,,,,,,Minalice,
Sal Cisne Refinado Extra,{},outros,ai_estimated,78903180,sal cisne refinado extra,,,,,,,,,Cisne,
Lindoya,{},outros,ai_estimated,7896089500134,lindoya,,,,,,,,,,
Yaguara,{},outros,ai_estimated,7898953842043,yaguara,,,,,,,,,,
7896224817189,{},outros,ai_estimated,7896224817189,7896224817189,,,,,,,,,,
7896490288775,{},outros,ai_estimated,7896490288775,7896490288775,,,,,,,,,dona clara,Flaked Corn Flour
Agua Cristal Classic 510ml,{},outros,ai_estimated,7898950286178,agua cristal classic 510ml,,,,,,,,,,
Hakka,{},outros,ai_estimated,4903316419046,hakka,,,,,,,,,Ribon,
Water,{},outros,ai_estimated,7898014855074,water,,,,,,,,,Sferriê,Water
Filtro de papel Melitta,{},outros,ai_estimated,7891021001946,filtro de papel melitta,,,,,,,,,Melitta,filtro de papel Melitta
Folha de aluminio,{},outros,ai_estimated,7896300500868,folha de aluminio,,,,,,,,,,folha de aluminio
7896256065602,{},outros,ai_estimated,7896256065602,7896256065602,,,,,,,,,NaturalLife,Biscoito de Arroz
Zomo Natural Perfect,{},outros,ai_estimated,78418486,zomo natural perfect,,,,,,,,,Zomo,Zomo Natural Perfect
7896224800679,{},outros,ai_estimated,7896224800679,7896224800679,,,,,,,,,Santa Clara,Cappuccino
Garrafa descartável,{},outros,ai_estimated,7891025106616,garrafa descartável,,,,,,,,,danone,
7898636746752,{},outros,ai_estimated,7898636641550,7898636746752,,,,,,,,,Aroma bem estar,7898636746752
Kit costura clink caixinha,{},outros,ai_estimated,7899850305129,kit costura clink caixinha,,,,,,,,,clink,
Filtro de Papel de Café 102,{},outros,ai_estimated,7891021002103,filtro de papel de café 102,,,,,,,,,Brigitta,
Agua Naturale,{},outros,ai_estimated,7896333001028,agua naturale,,,,,,,,,,
Filme pvc,{},outros,ai_estimated,7891207020020,filme pvc,,,,,,,,,Kiko pack,
Fazenda,{},outros,ai_estimated,7896229800377,fazenda,,,,,,,,,bela vista,Fazenda
Detergente,{},outros,ai_estimated,7891022638004,detergente,,,,,,,,,limpol,
Filtro de papel,{},outros,ai_estimated,7891021001885,filtro de papel,,,,,,,,,melitta,
899527412396,{},outros,ai_estimated,7899527412396,899527412396,,,,,,,,,Speciat,899527412396
Jgztb,{},outros,ai_estimated,7897664231832,jgztb,,,,,,,,,,
Progresso Social e Democracia,{},outros,ai_estimated,9788536604992,progresso social e democracia,,,,,,,,,SCORTECCI,
Caixa de Fósforos,{},outros,ai_estimated,7896279200011,caixa de fósforos,,,,,,,,,Gaboardi,
Hidroclorotiazida,{},outros,ai_estimated,7896004716176,hidroclorotiazida,,,,,,,,,,Hidroclorotiazida
Veja,{},outros,ai_estimated,7891035285165,veja,,,,,,,,,,
Downy Amaciante,{},outros,ai_estimated,7506339332643,downy amaciante,,,,,,,,,,
Veja multiuso Campestre,{},outros,ai_estimated,7891035285158,veja multiuso campestre,,,,,,,,,,
Detergente Limpol Cristal,{},outros,ai_estimated,7891022100372,detergente limpol cristal,,,,,,,,,,
Palha de aço Brillo,{},outros,ai_estimated,7891022850031,palha de aço brillo,,,,,,,,,,
Desinfetante Urca,{},outros,ai_estimated,7896056401044,desinfetante urca,,,,,,,,,,
Sabão Pó Brilhante,{},outros,ai_estimated,7891150069138,sabão pó brilhante,,,,,,,,,,
Zero Cal Stevia,{},outros,ai_estimated,7896094915176,zero cal stevia,,,,,,,,,cosmed,
PARA COLORIR,{},outros,ai_estimated,9788576774020,para colorir,,,,,,,,,PARA COLORIR,
Succinato de Desvenlafaxina Monoidratado,{},outros,ai_estimated,7896004751009,succinato de desvenlafaxina monoidratado,,,,,,,,,,Succinato de Desvenlafaxina Monoidratado
Prednisolona,{},outros,ai_estimated,7896181921011,prednisolona,,,,,,,,,,Prednisolona
Penetro 45ml,{},outros,ai_estimated,7896026120555,penetro 45ml,,,,,,,,,,Penetro 45ml
Dramin,{},outros,ai_estimated,7896094922068,dramin,,,,,,,,,,Dramin
Cefalexina,{},outros,ai_estimated,7896004704692,cefalexina,,,,,,,,,,Cefalexina
Lorstamed,{},outros,ai_estimated,7896523202822,lorstamed,,,,,,,,,,Lorstamed
Atrovent,{},outros,ai_estimated,7896026300216,atrovent,,,,,,,,,,Atrovent
Curativo Transparente,{},outros,ai_estimated,7891800341966,curativo transparente,,,,,,,,,,Curativo Transparente
Fita Microporosa,{},outros,ai_estimated,7896544900158,fita microporosa,,,,,,,,,,Fita Microporosa
Água Boricada 3%,{},outros,ai_estimated,7896902212756,água boricada 3%,,,,,,,,,,Água Boricada 3%
Esparadrapo Impermeável,{},outros,ai_estimated,7891800276527,esparadrapo impermeável,,,,,,,,,,Esparadrapo Impermeável
Nisulid,{},outros,ai_estimated,7896658005084,nisulid,,,,,,,,,,Nisulid
Omo,{},outros,ai_estimated,2000000137908,omo,,,,,,,,,,
7896275970376,{},outros,ai_estimated,7896275970376,7896275970376,,,,,,,,,,
Desinfetante,{},outros,ai_estimated,7891024194102,desinfetante,,,,,,,,,,
123@#$RAbia,{},outros,ai_estimated,7896263503654,123@#$rabia,,,,,,,,,123rabia,123@#$RAbia
Lava-louças Ypê Neutro,{},outros,ai_estimated,7896098900208,lava-louças ypê neutro,,,,,,,,,Ypê,
Bicarbonato de sodio,{},outros,ai_estimated,7896902206380,bicarbonato de sodio,,,,,,,,,,
Salt Plus! Original,{},outros,ai_estimated,7896005223475,salt plus! original,,,,,,,,,Águia,
Língua portuguesa,{},outros,ai_estimated,9788541821315,língua portuguesa,,,,,,,,,geração alpha,
Vitoria fraterna Surda,{},outros,ai_estimated,6980201761129,vitoria fraterna surda,,,,,,,,,ofc.vitoria_fraterna_23,
Escala,{},outros,ai_estimated,7898064270988,escala,,,,,,,,,,
Flanax 550mg,{},outros,ai_estimated,7891106006507,flanax 550mg,,,,,,,,,,Flanax 550mg
Allegra 60mg,{},outros,ai_estimated,7891058024314,allegra 60mg,,,,,,,,,,Allegra 60mg
Coagulante Líquido Enzima Quimosina Microbiana para Fabricação de Queijos,{},outros,ai_estimated,7896273400011,coagulante líquido enzima quimosina microbiana para fabricação de queijos,,,,,,,,,Ha-La,
Água Platina S/Gás 510ml,{},outros,ai_estimated,7898955519042,água platina s/gás 510ml,,,,,,,,,,
Gelo Cubo Bi-Filtrado,{},outros,ai_estimated,7898925601418,gelo cubo bi-filtrado,,,,,,,,,Gelotec,
Gelo Escama,{},outros,ai_estimated,7898925014027,gelo escama,,,,,,,,,Gelotec,
Repelente elétrico L12 P10 Refil Noite Tranquila,{},outros,ai_estimated,7891035024696,repelente elétrico l12 p10 refil noite tranquila,,,,,,,,,,
Absolute Zero,{},outros,ai_estimated,49911848,absolute zero,,,,,,,,,Monster Energy,Absolute Zero
Hidramais,{},outros,ai_estimated,7896369161499,hidramais,,,,,,,,,,
Mistério,{},outros,ai_estimated,7894900095104,mistério,,,,,,,,,Fanta,Mistério
Refrigerante Orgânico Lemon Sour Zero Sódio Wewi Garrafa 255ml,{},outros,ai_estimated,7898950338471,refrigerante orgânico lemon sour zero sódio wewi garrafa 255ml,,,,,,,,,WEWI,
Água Tônica Prata Zero Lata 269ml,{},outros,ai_estimated,7897123885996,água tônica prata zero lata 269ml,,,,,,,,,PRATA,
Adoçante Em Pó Sucralose Zero Sódio Linea Forno Fogão Pote 70g,{},outros,ai_estimated,7896001250789,adoçante em pó sucralose zero sódio linea forno fogão pote 70g,,,,,,,,,SUCRALOSE,
Adoçante Em Pó Eritritol Zero Lactose Zero Cal Caixa 150g 30 Unidades,{},outros,ai_estimated,7896094919624,adoçante em pó eritritol zero lactose zero cal caixa 150g 30 unidades,,,,,,,,,ZERO CAL,
Refrigerante Coca Cola Coca S/acucar Lv Pg Pet 2l 7894900027488,{},outros,ai_estimated,7894900027488,refrigerante coca cola coca s/acucar lv pg pet 2l 7894900027488,,,,,,,,,COCA COLA,
Sal Rosa Do Himalaia Grosso Com Moedor Integral Br Spices Salt Selection Vidro 100g,{},outros,ai_estimated,7898946900552,sal rosa do himalaia grosso com moedor integral br spices salt selection vidro 100g,,,,,,,,,HIMALAYA,
"Sal De Parrilla Com Pimenta Do Reino Para Churrasco Br Spices Frasco 1,04kg",{},outros,ai_estimated,7898635642312,"sal de parrilla com pimenta do reino para churrasco br spices frasco 1,04kg",,,,,,,,,BR SPICES,
Sal De Parrilla Para Churrasco Br Spices Frasco 330g,{},outros,ai_estimated,7898635640202,sal de parrilla para churrasco br spices frasco 330g,,,,,,,,,BR SPICES,
Sal Rosa Do Himalaia Com Moedor Ervas Finas Br Spices Gourmet Vidro 100g,{},outros,ai_estimated,7898946900965,sal rosa do himalaia com moedor ervas finas br spices gourmet vidro 100g,,,,,,,,,BR SPICES,
Coca light 310ml,{},outros,ai_estimated,7894900131154,coca light 310ml,,,,,,,,,COCA-COLA,
Sal Marinho Com Moedor Integral Br Spices Salt Selection Vidro 100g,{},outros,ai_estimated,7898946900958,sal marinho com moedor integral br spices salt selection vidro 100g,,,,,,,,,BR SPICES,
"Sal De Parrilla Uruguaio Com Salsa Criolla Para Churrasco Br Spices Frasco 1,01kg",{},outros,ai_estimated,7898635643470,"sal de parrilla uruguaio com salsa criolla para churrasco br spices frasco 1,01kg",,,,,,,,,BR SPICES,
Sal Do Atacama Grosso Com Moedor Br Spices Salt Selection Vidro 100g,{},outros,ai_estimated,7898635640424,sal do atacama grosso com moedor br spices salt selection vidro 100g,,,,,,,,,BR SPICES,
Água Tônica Zero Açúcar Antarctica Lata 269ml,{},outros,ai_estimated,7891991015943,água tônica zero açúcar antarctica lata 269ml,,,,,,,,,TONICA ANTARCTICA,
Refrigerante Soda Prata Club Soda Lata 269ml,{},outros,ai_estimated,7897123886085,refrigerante soda prata club soda lata 269ml,,,,,,,,,PRATA,
Água Tônica Orgânica Ginger Zero Sódio Wewi Premium Garrafa 255ml,{},outros,ai_estimated,7898950338365,água tônica orgânica ginger zero sódio wewi premium garrafa 255ml,,,,,,,,,WEWI,Água Tônica Orgânica Ginger Zero Sódio Wewi Premium Garrafa 255ml
Adoçante Líquido Stevia Zero Cal Caixa 80ml,{},outros,ai_estimated,7896094915046,adoçante líquido stevia zero cal caixa 80ml,,,,,,,,,STEVIA,
Grosso Cisne Churrasco Pacote 1 Kg,{},outros,ai_estimated,7896035210018,grosso cisne churrasco pacote 1 kg,,,,,,,,,CISNE,
Sal De Parrilla Com Alho Para Churrasco Br Spices Frasco 370g,{},outros,ai_estimated,7898635643500,sal de parrilla com alho para churrasco br spices frasco 370g,,,,,,,,,BR SPICES,
Pack Adoçante Líquido Sucralose Zero Cal Frasco 200ml 2 Unidades Grátis 50 Desconto Na Segunda Unidade,{},outros,ai_estimated,7896094912779,pack adoçante líquido sucralose zero cal frasco 200ml 2 unidades grátis 50 desconto na segunda unidade,,,,,,,,,ZERO CAL,
Sal Rosa Do Himalaia Fino Bombay Herbs Spices Pouch 500g,{},outros,ai_estimated,7898453417154,sal rosa do himalaia fino bombay herbs spices pouch 500g,,,,,,,,,HIMALAIA,
Adoçante Em Pó Sucralose Finn Caixa 30g 50 Unidades,{},outros,ai_estimated,7898928577932,adoçante em pó sucralose finn caixa 30g 50 unidades,,,,,,,,,SUCRALOSE,
Adoçante Em Pó Sucralose Zero Cal Caixa 30g 50 Unidades,{},outros,ai_estimated,7896094919853,adoçante em pó sucralose zero cal caixa 30g 50 unidades,,,,,,,,,SUCRALOSE,
"Refrigerante Cola Zero Açúcar Pepsi Black Garrafa 1,5l",{},outros,ai_estimated,7892840820664,"refrigerante cola zero açúcar pepsi black garrafa 1,5l",,,,,,,,,BLACK,
"Sal De Parrilla Com Alho Para Churrasco Br Spices Frasco 1,015kg",{},outros,ai_estimated,7898635642305,"sal de parrilla com alho para churrasco br spices frasco 1,015kg",,,,,,,,,BR SPICES,
Refrigerante Orgânico Cola Zero Sódio Wewi Lata 350ml,{},outros,ai_estimated,7898950338068,refrigerante orgânico cola zero sódio wewi lata 350ml,,,,,,,,,WEWI,
Água Tônica Gengibre Zero Açúcar Antarctica Lata 269ml,{},outros,ai_estimated,7891991015981,água tônica gengibre zero açúcar antarctica lata 269ml,,,,,,,,,TONICA ANTARCTICA,
Refrigerante Guaraná Zero Adição De Açúcar Fanta Garrafa 2l,{},outros,ai_estimated,7894900094022,refrigerante guaraná zero adição de açúcar fanta garrafa 2l,,,,,,,,,FANTA,
Refrigerante Cola Zero Açúcar Zero Sódio Wewi Garrafa 255ml,{},outros,ai_estimated,7898950338440,refrigerante cola zero açúcar zero sódio wewi garrafa 255ml,,,,,,,,,WEWI,
Pack Refrigerante Sem Açúcar Coca Cola Garrafa 6 Unidades 600ml Cada Leve Mais Pague Menos,{},outros,ai_estimated,7894900702606,pack refrigerante sem açúcar coca cola garrafa 6 unidades 600ml cada leve mais pague menos,,,,,,,,,COCA COLA,
Adoçante Em Pó Sucralose Zero Cal Caixa 40g 50 Unidades,{},outros,ai_estimated,7896094906648,adoçante em pó sucralose zero cal caixa 40g 50 unidades,,,,,,,,,ZERO CAL,
Água Tônica Zero Açúcar Fys Lata 350ml,{},outros,ai_estimated,7896052607587,água tônica zero açúcar fys lata 350ml,,,,,,,,,Fys,
Adoçante Líquido Zero Cal Caixa 100ml,{},outros,ai_estimated,7896094906624,adoçante líquido zero cal caixa 100ml,,,,,,,,,ZERO CAL,
Pack Refrigerante Sem Açúcar Coca Cola Lata 6 Unidades 350ml Cada Leve Mais Pague Menos,{},outros,ai_estimated,7894900701326,pack refrigerante sem açúcar coca cola lata 6 unidades 350ml cada leve mais pague menos,,,,,,,,,COCA COLA,
Refrigerante Guaraná Zero Açúcar Zero Sódio Wewi Lata 350ml,{},outros,ai_estimated,7898950338112,refrigerante guaraná zero açúcar zero sódio wewi lata 350ml,,,,,,,,,WEWI,
Refrigerante Orgânico Cola Zero Sódio Wewi Garrafa 255ml,{},outros,ai_estimated,7898950338433,refrigerante orgânico cola zero sódio wewi garrafa 255ml,,,,,,,,,WEWI,
"Sal Marinho Para Costela Br Spices Frasco 1,01kg",{},outros,ai_estimated,7898635643586,"sal marinho para costela br spices frasco 1,01kg",,,,,,,,,BR SPICES,
Água Mineral Soda Com Gás Prata Club Soda Garrafa 200ml,{},outros,ai_estimated,7897123886078,água mineral soda com gás prata club soda garrafa 200ml,,,,,,,,,PRATA,
Água Tônica Clássica Orgânica Zero Sódio Wewi Premium Lata 269ml,{},outros,ai_estimated,7898950338150,água tônica clássica orgânica zero sódio wewi premium lata 269ml,,,,,,,,,PREMIUM,
Refrigerante Laranja Zero Adição De Açúcar Fanta Garrafa 2l,{},outros,ai_estimated,7894900151510,refrigerante laranja zero adição de açúcar fanta garrafa 2l,,,,,,,,,Fanta,refrigerante saborizado com frutas de baixa caloria
"Sal De Parrilla Para Churrasco Br Spices Frasco 1,01kg",{},outros,ai_estimated,7898635643609,"sal de parrilla para churrasco br spices frasco 1,01kg",,,,,,,,,BR SPICES,
Água Tônica 3 Limões Zero Açúcar Antarctica Lata 269ml,{},outros,ai_estimated,7891991015967,água tônica 3 limões zero açúcar antarctica lata 269ml,,,,,,,,,TONICA ANTARCTICA,
Soda limonada zero açúcar,{},outros,ai_estimated,7891991000819,soda limonada zero açúcar,,,,,,,,,SODA ANTARCTICA,
Adoçante Líquido Sucralose Finn Caixa 65ml,{},outros,ai_estimated,7898928577536,adoçante líquido sucralose finn caixa 65ml,,,,,,,,,FINN,
Fanta Laranja Zero Lt 350 Ml 6/1,{},outros,ai_estimated,7894900049831,fanta laranja zero lt 350 ml 6/1,,,,,,,,,,
Sal Rosa Do Himalaia Fino Com Tampa Dosadora Br Spices Salt Selection Vidro 100g,{},outros,ai_estimated,7898635644200,sal rosa do himalaia fino com tampa dosadora br spices salt selection vidro 100g,,,,,,,,,BR SPICES,
Sal Do Atacama Fino Com Tampa Dosadora Br Spices Salt Selection Vidro 100g,{},outros,ai_estimated,7898635644194,sal do atacama fino com tampa dosadora br spices salt selection vidro 100g,,,,,,,,,BR SPICES,
Adoçante Líquido Stevia Splenda Caixa 60ml,{},outros,ai_estimated,0722776005095,adoçante líquido stevia splenda caixa 60ml,,,,,,,,,SPLENDA,
Adoçante Em Pó Sucralose Splenda Caixa 40g 50 Unidades,{},outros,ai_estimated,0722776004654,adoçante em pó sucralose splenda caixa 40g 50 unidades,,,,,,,,,SPLENDA,
Adoçante Líquido Sucralose Splenda Caixa 65ml,{},outros,ai_estimated,0722776005088,adoçante líquido sucralose splenda caixa 65ml,,,,,,,,,SPLENDA,
Adoçante Em Pó Stevia Splenda Caixa 40g 50 Unidades,{},outros,ai_estimated,0722776004661,adoçante em pó stevia splenda caixa 40g 50 unidades,,,,,,,,,SPLENDA,
Câmera,{},outros,ai_estimated,6920220429228,câmera,,,,,,,,,coibeu,
Flor de sal - premium / Mr. Maker,{},outros,ai_estimated,7897518201776,flor de sal - premium / mr. maker,,,,,,,,,,
Sea Salt,{},outros,ai_estimated,7892840821722,sea salt,,,,,,,,,Pop Corners,Pop Corners Sea Salt
Multivitamínico - DUX,{},outros,ai_estimated,7898641073384,multivitamínico - dux,,,,,,,,,,Multivitamínico - DUX
AGUA C/GAS LEVEN 510ML,{},outros,ai_estimated,0290572737415,agua c/gas leven 510ml,,,,,,,,,Leven,
Adoçante em pó,{},outros,ai_estimated,7896094928770,adoçante em pó,,,,,,,,,Zero Cal,Adoçante em pó
Fermento apti,{},outros,ai_estimated,7896327512967,fermento apti,,,,,,,,,,
06:39 VENC:27/12/24,{},outros,ai_estimated,7898972607067,06:39 venc:27/12/24,,,,,,,,,,
Corante catupuri,{},outros,ai_estimated,7896728946644,corante catupuri,,,,,,,,,,
Bioleve zero limão,{},outros,ai_estimated,7896843200201,bioleve zero limão,,,,,,,,,,Bioleve zero limão
Adoçante Lowsugar com Stevia - Lowsugar,{},outros,ai_estimated,7896292000186,adoçante lowsugar com stevia - lowsugar,,,,,,,,,Lowsugar,Adoçante Lowsugar com Stevia - Lowsugar
REPELEX P,{},outros,ai_estimated,7891035621109,repelex p,,,,,,,,,Kaique,REPELEX P
Adoçante dietético em pó granular,{},outros,ai_estimated,7896001250796,adoçante dietético em pó granular,,,,,,,,,Linea,Adoçante dietético em pó granular
Adoçante dietético em pó,{},outros,ai_estimated,7896589403959,adoçante dietético em pó,,,,,,,,,Mngrins,Adoçante dietético em pó
Gatorade ZERO,{},outros,ai_estimated,7892840820671,gatorade zero,,,,,,,,,Gatorade,Gatorade ZERO
Guaraviton sem açúcar,{},outros,ai_estimated,7896326100257,guaraviton sem açúcar,,,,,,,,,Guaraviton,Guaraviton sem açúcar
Vitamina A-Z mulher,{},outros,ai_estimated,7896714269900,vitamina a-z mulher,,,,,,,,,Neo quimica,Vitamina A-Z mulher
Água Com Gás,{},outros,ai_estimated,7896263501391,água com gás,,,,,,,,,Levity,Água com gás
V-FORT ULTRA,{},outros,ai_estimated,7898665433157,v-fort ultra,,,,,,,,,Vitafor,V-FORT ULTRA
Bioleve zero - Bioleve,{},outros,ai_estimated,7896843200263,bioleve zero - bioleve,,,,,,,,,,Bioleve zero - Bioleve
C-Triple - Divina,{},outros,ai_estimated,7898966313103,c-triple - divina,,,,,,,,,,C-Triple - Divina
7891149011001,{},outros,ai_estimated,7891149011001,7891149011001,,,,,,,,,,
7891149201006,{},outros,ai_estimated,7891149201006,7891149201006,,,,,,,,,,
ProBio2,{},outros,ai_estimated,7891097105043,probio2,,,,,,,,,,ProBio2
Magnesio inositol,{},outros,ai_estimated,7899941201750,magnesio inositol,,,,,,,,,Equaliv,Magnesio inositol
Fermento em pó,{},outros,ai_estimated,7898409951046,fermento em pó,,,,,,,,,Fleischmann,Fermento em pó
Neproxeno Sódico 550mg CPD 10 Neo,{},outros,ai_estimated,7896714214405,neproxeno sódico 550mg cpd 10 neo,,,,,,,,,,Neproxeno Sódico 550mg CPD 10 Neo
Memo Neuro Lavitan,{},outros,ai_estimated,7897947612358,memo neuro lavitan,,,,,,,,,,Memo Neuro Lavitan
Cabelos e Unhas vitaminas,{},outros,ai_estimated,7896714291246,cabelos e unhas vitaminas,,,,,,,,,,Cabelos e Unhas vitaminas
Zinco+Quelado 28mg,{},outros,ai_estimated,7898927980764,zinco+quelado 28mg,,,,,,,,,,Zinco+Quelado 28mg
Divis Slim,{},outros,ai_estimated,7899516208665,divis slim,,,,,,,,,,Divis Slim
Gotas Laxante,{},outros,ai_estimated,7896331704808,gotas laxante,,,,,,,,,Rapilax,
Vitamina b12 - Maxinutri,{},outros,ai_estimated,7898593050488,vitamina b12 - maxinutri,,,,,,,,,,Vitamina b12 - Maxinutri
Avane skin,{},outros,ai_estimated,7898959659324,avane skin,,,,,,,,,Biosante,Avane skin
Magnésio Dimalato,{},outros,ai_estimated,7898714761521,magnésio dimalato,,,,,,,,,,Magnésio Dimalato
Água com Gas,{},outros,ai_estimated,7898932527367,água com gas,,,,,,,,,,Água com Gas
Coca zero - coca cola - coca cola - coca cola,{},outros,ai_estimated,78966673,coca zero - coca cola - coca cola - coca cola,,,,,,,,,,Coca zero - coca cola - coca cola - coca cola
Vitamina B12,{},outros,ai_estimated,7898655576567,vitamina b12,,,,,,,,,Health labs,Vitamina B12
Stevia - Wolfs,{},outros,ai_estimated,7908385300049,stevia - wolfs,,,,,,,,,,Stevia - Wolfs
Fanta laranja sem açúcar,{},outros,ai_estimated,7894900460018,fanta laranja sem açúcar,,,,,,,,,,Fanta laranja sem açúcar
Creatina monohidratada - Soldiers,{},outros,ai_estimated,7909389238154,creatina monohidratada - soldiers,,,,,,,,,,Creatina monohidratada - Soldiers
Creatina turbo - Black Skull,{},outros,ai_estimated,7898708739994,creatina turbo - black skull,,,,,,,,,,Creatina turbo - Black Skull
Creatina monohidratada,{},outros,ai_estimated,7898744162060,creatina monohidratada,,,,,,,,,,Creatina  monohidratada
Fermented Químico Em Pó,{},outros,ai_estimated,0672404126312,fermented químico em pó,,,,,,,,,Royal,
Creatina powder,{},outros,ai_estimated,7898965342203,creatina powder,,,,,,,,,,Creatina powder
Guaraná Antarctica Zero,{},outros,ai_estimated,0678963100299,guaraná antarctica zero,,,,,,,,,Ambev,
Agua com gás,{},outros,ai_estimated,7896579330074,agua com gás,,,,,,,,,,Agua com gás
Sal Grosso Lebre,{},outros,ai_estimated,7896110100814,sal grosso lebre,,,,,,,,,Lebre,
Sal refinado Globo,{},outros,ai_estimated,7896029310014,sal refinado globo,,,,,,,,,Globo,
Sal Refinado Lebre,{},outros,ai_estimated,8896172103043,sal refinado lebre,,,,,,,,,Lebre,
Sal Grosso Aji,{},outros,ai_estimated,7891132080038,sal grosso aji,,,,,,,,,Aji,
Lenço umedecido,{},outros,ai_estimated,7898172343208,lenço umedecido,,,,,,,,,Anjinho,
Mix pro creatine,{},outros,ai_estimated,7899941203570,mix pro creatine,,,,,,,,,,Mix pro creatine
Gengibirra zero,{},outros,ai_estimated,7896188400885,gengibirra zero,,,,,,,,,,Gengibirra zero
7898215152897,{},outros,ai_estimated,7898215152897,7898215152897,,,,,,,,,,
Guaraná mineiro zero,{},outros,ai_estimated,7897184000130,guaraná mineiro zero,,,,,,,,,,Guaraná mineiro zero
Sucralose culinario,{},outros,ai_estimated,7896589403126,sucralose culinario,,,,,,,,,,Sucralose culinario
Terere,{},outros,ai_estimated,7893177203076,terere,,,,,,,,,Madrugada,
Sache pedigree AD pq cne,{},outros,ai_estimated,7896029022245,sache pedigree ad pq cne,,,,,,,,,,Cuzcuz
Cloreto de magnésio p.a.,{},outros,ai_estimated,7896023706493,cloreto de magnésio p.a.,,,,,,,,,,Cloreto de magnésio p.a.
Sal Grosso Tempero Especial,{},outros,ai_estimated,7898061680575,sal grosso tempero especial,,,,,,,,,Bom Gosto,
Creatina monohidratada 100%,{},outros,ai_estimated,7896311768233,creatina monohidratada 100%,,,,,,,,,Nutrify,Creatina monohidratada 100%
Extra power zero calorias,{},outros,ai_estimated,7896005403730,extra power zero calorias,,,,,,,,,,Extra power zero calorias
Suco em pó zero açúcar,{},outros,ai_estimated,7896327513889,suco em pó zero açúcar,,,,,,,,,,Suco em pó zero açúcar
Acetilcisteína,{},outros,ai_estimated,00010538,acetilcisteína,,,,,,,,,,Acetilcisteína
Super Caffeine,{},outros,ai_estimated,7898171782022,super caffeine,,,,,,,,,Tiaraju,Super Caffeine
Cafeína thermo 400,{},outros,ai_estimated,7898704760145,cafeína thermo 400,,,,,,,,,,Cafeína thermo 400
Suplemento alimentar de eletrólitos,{},outros,ai_estimated,7898636193516,suplemento alimentar de eletrólitos,,,,,,,,,,Suplemento alimentar de eletrólitos
Extra salts,{},outros,ai_estimated,7897836683612,extra salts,,,,,,,,,Exceed,Extra salts
Creatlire,{},outros,ai_estimated,7898713951053,creatlire,,,,,,,,,,Creatlire
Enterogermina Criança e Adulto flac 10,{},outros,ai_estimated,7891058016999,enterogermina criança e adulto flac 10,,,,,,,,,,Enterogermina Criança e Adulto flac 10
Agua com gas,{},outros,ai_estimated,7898210050525,agua com gas,,,,,,,,,,Agua com gas
Thermo cutter,{},outros,ai_estimated,7898583339463,thermo cutter,,,,,,,,,,Thermo cutter
Boneca helokyt,{},outros,ai_estimated,4711269687265,boneca helokyt,,,,,,,,,,
Shot thermo,{},outros,ai_estimated,7899941202467,shot thermo,,,,,,,,,,Shot thermo
Hho,{},outros,ai_estimated,7896447508215,hho,,,,,,,,,,Hho
Copao,{},outros,ai_estimated,7898918000754,copao,,,,,,,,,,Copao
Adoçante 5 gotas,{},outros,ai_estimated,7896369617552,adoçante 5 gotas,,,,,,,,,,Adoçante 5 gotas
Sabor Artificial de Morango,{},outros,ai_estimated,6855945911072,sabor artificial de morango,,,,,,,,,"Sustagen Kids,Sustagen",
"Chá misto maracujá, laranja e gengibre",{},outros,ai_estimated,7891098042231,"chá misto maracujá, laranja e gengibre",,,,,,,,,,"Chá misto maracujá, laranja e gengibre"
Vitamina c,{},outros,ai_estimated,7898591452390,vitamina c,,,,,,,,,,Vitamina c
Mashboo,{},outros,ai_estimated,7908228805984,mashboo,,,,,,,,,,Mashboo
Agua escura,{},outros,ai_estimated,7897075117299,agua escura,,,,,,,,,,Agua escura
Adoçante stevia,{},outros,ai_estimated,7896589404581,adoçante stevia,,,,,,,,,,Adoçante stevia
Agua copo,{},outros,ai_estimated,7894900530049,agua copo,,,,,,,,,,
YPÊ TIRA LIMO 520g,{},outros,ai_estimated,7896098909935,ypê tira limo 520g,,,,,,,,,,YPÊ  TIRA LIMO 520g
VEJA BANHEIRO TIRA LIMO 2 EM 1 Cloro Ativo,{},outros,ai_estimated,7891035209505,veja banheiro tira limo 2 em 1 cloro ativo,,,,,,,,,,VEJA BANHEIRO TIRA LIMO 2 EM 1 Cloro Ativo
Urca Tira Manchas Líquido,{},outros,ai_estimated,7896056403987,urca tira manchas líquido,,,,,,,,,,urca Tira Manchas Líquido
Mon Bijou LAVA ROUPAS roupas íntimas 300 ml,{},outros,ai_estimated,7891022853155,mon bijou lava roupas roupas íntimas 300 ml,,,,,,,,,,Mon Bijou  LAVA ROUPAS roupas íntimas  300 ml
TEIÚ LAVA ROUPA COCO 500ml,{},outros,ai_estimated,7896394805184,teiú lava roupa coco 500ml,,,,,,,,,,TEIÚ LAVA ROUPA  COCO 500ml
YPÊ ANTIBAC DESINFETANTE 500ml,{},outros,ai_estimated,7896098904367,ypê antibac desinfetante 500ml,,,,,,,,,,YPÊ  ANTIBAC DESINFETANTE 500ml
ARIEL CORES RADIANTES 700ml,{},outros,ai_estimated,7500435141987,ariel cores radiantes 700ml,,,,,,,,,,ARIEL CORES RADIANTES 700ml
Flfl,{},outros,ai_estimated,0790234017355,flfl,,,,,,,,,,Flfl
Olichia,{},outros,ai_estimated,7898961690209,olichia,,,,,,,,,,Olichia
Sal lebre Parrilha,{},outros,ai_estimated,7896110195162,sal lebre parrilha,,,,,,,,,Sal lebre,
Sabão de coco em pó,{},outros,ai_estimated,7897664120037,sabão de coco em pó,,,,,,,,,Minuano,
Quyblitro,{},outros,ai_estimated,7898238650165,quyblitro,,,,,,,,,,Quyblitro
Stevia,{},outros,ai_estimated,7896589402525,stevia,,,,,,,,,,Stevia
Serem rosa,{},outros,ai_estimated,7898968202269,serem rosa,,,,,,,,,lady beauty,serem rosa
Choker,{},outros,ai_estimated,7896424780054,choker,,,,,,,,,,Choker
Cytopropolis,{},outros,ai_estimated,7898656668841,cytopropolis,,,,,,,,,,Cytopropolis
Adoçante sucarose,{},outros,ai_estimated,7896569406260,adoçante sucarose,,,,,,,,,,Adoçante sucarose
Adoçante liquido,{},outros,ai_estimated,7891103218347,adoçante liquido,,,,,,,,,,Adoçante liquido
Vasenol hidratação,{},outros,ai_estimated,7891150028456,vasenol hidratação,,,,,,,,,,vasenol hidratação
Água mineral,{},outros,ai_estimated,7896468700056,água mineral,,,,,,,,,,Água mineral
Crystal água S/gás,{},outros,ai_estimated,7894900530025,crystal água s/gás,,,,,,,,,Coca-cola,
Gatorade Zero Frts. Silvestre,{},outros,ai_estimated,7892840820701,gatorade zero frts. silvestre,,,,,,,,,,
LAVA-LOUÇAS LÍQUIDO CAPIM-LIMÃO YPÊ SQUEEZE 500ML,{},outros,ai_estimated,7896098902042,lava-louças líquido capim-limão ypê squeeze 500ml,,,,,,,,,Ypê,
Pop teste data,{},outros,ai_estimated,7896707341989,pop teste data,,,,,,,,,,
Desinchá laranja canela,{},outros,ai_estimated,7898684481849,desinchá laranja canela,,,,,,,,,,
Losartana,{},outros,ai_estimated,7897595627360,losartana,,,,,,,,,,
Bolix verde,{},outros,ai_estimated,7897064810088,bolix verde,,,,,,,,,,
Produto incorreto,{},outros,ai_estimated,1740266082632,produto incorreto,,,,,,,,,,produto incorreto
Thermo Cutter Slim,{},outros,ai_estimated,1740452284538,thermo cutter slim,,,,,,,,,Fulllife Nutrition,Thermo Cutter Slim
Arboreto,{},outros,ai_estimated,7896138700072,arboreto,,,,,,,,,,
Erva-Mate para Tereré SEM ADIÇÃO DE AÇÚCAR,{},outros,ai_estimated,7896328200917,erva-mate para tereré sem adição de açúcar,,,,,,,,,Barão de Cotegipe,Erva-Mate para Tereré SEM ADIÇÃO DE AÇÚCAR
Chá misto de camomila,{},outros,ai_estimated,7896328210411,chá misto de camomila,,,,,,,,,Barão de Cotegipe,chá misto de camomila
Chá misto sabor maracujá,{},outros,ai_estimated,7896328210091,chá misto sabor maracujá,,,,,,,,,Barão de Cotegipe,chá misto sabor maracujá
"Chá maçã, cravo e canela",{},outros,ai_estimated,7898286200404,"chá maçã, cravo e canela",,,,,,,,,Maratá,"chá maçã, cravo e canela"
Brilux,{},outros,ai_estimated,7896013105541,brilux,,,,,,,,,teste,brilux
Ksmdkdk,{},outros,ai_estimated,1740715314387,ksmdkdk,,,,,,,,,kdkskd,ksmdkdk
Papel toalha,{},outros,ai_estimated,7898969564298,papel toalha,,,,,,,,,Absoluto decor,papel toalha
Teste,{},outros,ai_estimated,00100000,teste,,,,,,,,,teste,teste
Cha mixto Laranja,{},outros,ai_estimated,7896328210848,cha mixto laranja,,,,,,,,,Barao,
7892840823146,{},outros,ai_estimated,7892840823146,7892840823146,,,,,,,,,,
Corante líquido preto ameixa,{},outros,ai_estimated,7897011503193,corante líquido preto ameixa,,,,,,,,,,
Corante gel verde,{},outros,ai_estimated,7896301457369,corante gel verde,,,,,,,,,,
CIDADE LIMPA,{},outros,ai_estimated,7896321014795,cidade limpa,,,,,,,,,,
Brilhante limpeza Total kit oferta 500ml diluir,{},outros,ai_estimated,7891150077287,brilhante limpeza total kit oferta 500ml diluir,,,,,,,,,,
Condicionador,{},outros,ai_estimated,7896020161035,condicionador,,,,,,,,,Baruel baby,condicionador
Intimus sabonete íntimo,{},outros,ai_estimated,7896018703704,intimus sabonete íntimo,,,,,,,,,intimus,
Hhhh,{},outros,ai_estimated,7896007942534,hhhh,,,,,,,,,,
Oh zero verde,{},outros,ai_estimated,7898962617304,oh zero verde,,,,,,,,,,
Toalha Umedecida Marigold Baby,{},outros,ai_estimated,7898197415638,toalha umedecida marigold baby,,,,,,,,,,
Raid Iscas Mata Baratas c/6,{},outros,ai_estimated,14277902,raid iscas mata baratas c/6,,,,,,,,,,Raid Iscas Mata Baratas c/6
Inseticida natural Mato Verde 490ml,{},outros,ai_estimated,0747945723624,inseticida natural mato verde 490ml,,,,,,,,,,Inseticida natural Mato Verde 490ml
Gghh,{},outros,ai_estimated,7898148294473,gghh,,,,,,,,,,Loratadina 100ml GN Prati
Soda cáustica,{},outros,ai_estimated,7896484351256,soda cáustica,,,,,,,,,,
Dove Sabonente Original,{},outros,ai_estimated,7891150022055,dove sabonente original,,,,,,,,,DOVE,
‎Sabonete em Barra Protex Limpeza Profunda 85g,{},outros,ai_estimated,7891035215109,‎sabonete em barra protex limpeza profunda 85g,,,,,,,,,PROTEX,
Inseticida Natural,{},outros,ai_estimated,7897480313811,inseticida natural,,,,,,,,,Mato Verde,
Sal,{},outros,ai_estimated,7898944571297,sal,,,,,,,,,,
Água com gás 350ml,{},outros,ai_estimated,7896445490550,água com gás 350ml,,,,,,,,,,Água com gás 350ml
"Água com gás 1,5L",{},outros,ai_estimated,7896445472174,"água com gás 1,5l",,,,,,,,,,"Água com gás 1,5L"
Água minalba Premium s/Gás,{},outros,ai_estimated,7896065820447,água minalba premium s/gás,,,,,,,,,,Água minalba Premium s/Gás
Agua 330 ml,{},outros,ai_estimated,4583244564461,agua 330 ml,,,,,,,,,,Agua 330 ml
Água com gás 330ml,{},outros,ai_estimated,7896445490598,água com gás 330ml,,,,,,,,,,Água com gás 330ml
Água sem gás 330ml,{},outros,ai_estimated,7896445490093,água sem gás 330ml,,,,,,,,,,Água sem gás 330ml
Água sem gás 500ml,{},outros,ai_estimated,0426045490086,água sem gás 500ml,,,,,,,,,,Água sem gás 500ml
"Água s/ gás 1,5 L",{},outros,ai_estimated,7896445490116,"água s/ gás 1,5 l",,,,,,,,,,"Água s/ gás 1,5 L"
SBP AÇÃO MAGNÉTICA,{},outros,ai_estimated,7891035002670,sbp ação magnética,,,,,,,,,reckitt,SBP AÇÃO MAGNÉTICA
SBP AEDES 360,{},outros,ai_estimated,7891035002458,sbp aedes 360,,,,,,,,,,SBP AEDES 360
SBP MULTI LARANJA CLARO,{},outros,ai_estimated,7891035618550,sbp multi laranja claro,,,,,,,,,,SBP MULTI LARANJA CLARO
SBP EUCALIPTO 360,{},outros,ai_estimated,7891035618543,sbp eucalipto 360,,,,,,,,,,SBP EUCALIPTO 360
SBP 360 MULTI LARANJA,{},outros,ai_estimated,7891035618567,sbp 360 multi laranja,,,,,,,,,,SBP 360 MULTI LARANJA
SBP 420ML AEDES,{},outros,ai_estimated,7891035990922,sbp 420ml aedes,,,,,,,,,,SBP 420ML AEDES
SBP LAR 420ML CLARO,{},outros,ai_estimated,7891035024894,sbp lar 420ml claro,,,,,,,,,,SBP LAR 420ML CLARO
SBP MULTI LARA,{},outros,ai_estimated,7891035617959,sbp multi lara,,,,,,,,,,SBP MULTI LARA
Destac Madeiras,{},outros,ai_estimated,7891035115608,destac madeiras,,,,,,,,,,Destac Madeiras
Destac Laminados Lav E flores,{},outros,ai_estimated,7891035115806,destac laminados lav e flores,,,,,,,,,,Destac Laminados Lav E flores
Destac MULTI lavanda 500ml,{},outros,ai_estimated,7891035116520,destac multi lavanda 500ml,,,,,,,,,,Destac MULTI lavanda 500ml
Perfumado 500ml Flores,{},outros,ai_estimated,7891035249228,perfumado 500ml flores,,,,,,,,,,Perfumado 500ml Flores
Poliflor Lav 500ml,{},outros,ai_estimated,7891035502606,poliflor lav 500ml,,,,,,,,,,Poliflor Lav 500ml
Poliflor preço especial 500,{},outros,ai_estimated,7891035116544,poliflor preço especial 500,,,,,,,,,,poliflor preço especial 500
Destac Brilha móveis,{},outros,ai_estimated,7896013102854,destac brilha móveis,,,,,,,,,,Destac Brilha móveis
Poliflor 200ml,{},outros,ai_estimated,7891035500206,poliflor 200ml,,,,,,,,,,Poliflor 200ml
Destac brilha 200ml,{},outros,ai_estimated,7891035516009,destac brilha 200ml,,,,,,,,,,destac brilha 200ml
VEJA ORIGINAL,{},outros,ai_estimated,7891035800214,veja original,,,,,,,,,,VEJA ORIGINAL
MULTIUSO LAVANDA,{},outros,ai_estimated,0990431284172,multiuso lavanda,,,,,,,,,,MULTIUSO LAVANDA
Multiuso PF Limão,{},outros,ai_estimated,7891035990571,multiuso pf limão,,,,,,,,,,Multiuso PF Limão
VEJA PF LARANJA,{},outros,ai_estimated,7891035990557,veja pf laranja,,,,,,,,,,VEJA PF LARANJA
VEJA PF COCO,{},outros,ai_estimated,7891035000973,veja pf coco,,,,,,,,,,VEJA PF COCO
VEJA CZ SQZ LAR,{},outros,ai_estimated,7891035216107,veja cz sqz lar,,,,,,,,,,VEJA CZ SQZ LAR
VEJA CZ SQZ LAV,{},outros,ai_estimated,7891035001734,veja cz sqz lav,,,,,,,,,,VEJA CZ SQZ LAV
Vanish 1kg rosa,{},outros,ai_estimated,7891035051333,vanish 1kg rosa,,,,,,,,,,Vanish 1kg rosa
VANISH 1KG BRANCO,{},outros,ai_estimated,7891035051326,vanish 1kg branco,,,,,,,,,,VANISH 1KG BRANCO
ALVENJANTE VAN BRANCO 500ML,{},outros,ai_estimated,7891035040405,alvenjante van branco 500ml,,,,,,,,,,ALVENJANTE VAN BRANCO 500ML
ALVENJANTE VAN ROSA 500ML,{},outros,ai_estimated,7891035040009,alvenjante van rosa 500ml,,,,,,,,,,ALVENJANTE VAN ROSA 500ML
VAN KARPEX ROSA,{},outros,ai_estimated,7891035200007,van karpex rosa,,,,,,,,,,VAN KARPEX ROSA
VANISH RESOLV ROSA,{},outros,ai_estimated,7891035017001,vanish resolv rosa,,,,,,,,,,VANISH RESOLV ROSA
VANISH RESOLV BRANCO,{},outros,ai_estimated,7891035040450,vanish resolv branco,,,,,,,,,,VANISH RESOLV BRANCO
"VANISH 1,5L BRANCO RF",{},outros,ai_estimated,7891035040412,"vanish 1,5l branco rf",,,,,,,,,,"VANISH 1,5L BRANCO RF"
REPELEX AERO,{},outros,ai_estimated,7891035620003,repelex aero,,,,,,,,,,REPELEX AERO
PERSONAL XXG,{},outros,ai_estimated,7896110011981,personal xxg,,,,,,,,,,PERSONAL XXG
PERSONAL XG,{},outros,ai_estimated,7896110011967,personal xg,,,,,,,,,,PERSONAL XG
PERSONAL G,{},outros,ai_estimated,7896110011943,personal g,,,,,,,,,,PERSONAL G
Limpa Vidros,{},outros,ai_estimated,7897534800960,limpa vidros,,,,,,,,,,
CÓDIGO DE BARRAS ERRADO dore cola,{},outros,ai_estimated,2681801700313,código de barras errado dore cola,,,,,,,,,,
CÓDIGO DE BARRAS SUSPEITO dore cola,{},outros,ai_estimated,2821801701143,código de barras suspeito dore cola,,,,,,,,,,
"Água sem gás 1,5l",{},outros,ai_estimated,17276618,"água sem gás 1,5l",,,,,,,,,,"Água sem gás 1,5l"
Coca-Cola Zero Azúcar,{},outros,ai_estimated,7801610473023,coca-cola zero azúcar,,,,,,,,,Coca-Cola,Coca-Cola Zero Azúcar
Caderno,{},outros,ai_estimated,7898572600765,caderno,,,,,,,,,,
Pasta Matte Shark Barber,{},outros,ai_estimated,7896858617742,pasta matte shark barber,,,,,,,,,Shark Barber,
Coca-Cola light,{},outros,ai_estimated,7801610022740,coca-cola light,,,,,,,,,Coca-Cola,Coca-Cola light
Sucralose,{},outros,ai_estimated,7896001210004,sucralose,,,,,,,,,Linea,Sucralose
Targifor c,{},outros,ai_estimated,7891058005467,targifor c,,,,,,,,,,Targifor C Imun e Energ CPD 16
Bola de sabão,{},outros,ai_estimated,7898258550414,bola de sabão,,,,,,,,,,
Cachantun,{},outros,ai_estimated,7801620015855,cachantun,,,,,,,,,cachantun,cachantun
Brilhante preto 1KG,{},outros,ai_estimated,7896800708962,brilhante preto 1kg,,,,,,,,,,
354683 tinta acrílica suvinil,{},outros,ai_estimated,7896206425869,354683 tinta acrílica suvinil,,,,,,,,,,
Nestlé pureza 1.5,{},outros,ai_estimated,7896062800138,nestlé pureza 1.5,,,,,,,,,,
Pepsi Black 350,{},outros,ai_estimated,0211402813505,pepsi black 350,,,,,,,,,,Pepsi Black 350
Glitter neon rosa,{},outros,ai_estimated,7898638641800,glitter neon rosa,,,,,,,,,,
Neon laranja e rosa fab,{},outros,ai_estimated,7898638641756,neon laranja e rosa fab,,,,,,,,,,
Po para decoração rosa seco fab,{},outros,ai_estimated,7898638640285,po para decoração rosa seco fab,,,,,,,,,,
Po para decoração rosa cereja fab,{},outros,ai_estimated,7898638640131,po para decoração rosa cereja fab,,,,,,,,,,
Aquissima cg 510,{},outros,ai_estimated,7898646710024,aquissima cg 510,,,,,,,,,,
Água mineral Barbosa com gás,{},outros,ai_estimated,7898641870747,água mineral barbosa com gás,,,,,,,,,,
Adoçante liq linea stevia 60 ml,{},outros,ai_estimated,7896001210103,adoçante liq linea stevia 60 ml,,,,,,,,,,
Adoçante liq linea stevia 25 ml,{},outros,ai_estimated,7896001210097,adoçante liq linea stevia 25 ml,,,,,,,,,,
Adoçante liq união sucralose,{},outros,ai_estimated,7891910030316,adoçante liq união sucralose,,,,,,,,,,
Nimesulida,{},outros,ai_estimated,7896523212685,nimesulida,,,,,,,,,CIMED,
Dorflex,{},outros,ai_estimated,7891058002916,dorflex,,,,,,,,,,
Doril enxaqueca,{},outros,ai_estimated,7896094920910,doril enxaqueca,,,,,,,,,,
Acebrofilina,{},outros,ai_estimated,7891317002695,acebrofilina,,,,,,,,,Eurofarma,
Extra Power Energy Drink Zero Açúcares,{},outros,ai_estimated,7898132845155,extra power energy drink zero açúcares,,,,,,,,,ExtraPower,Extra Power Energy Drink Zero Açúcares
Magnésio Plus,{},outros,ai_estimated,7898972147327,magnésio plus,,,,,,,,,Oceandrop,
Sleep,{},outros,ai_estimated,0040141154682,sleep,,,,,,,,,Koala,Sleep
Potássio,{},outros,ai_estimated,7899468501111,potássio,,,,,,,,,ApisNutri,Potássio
Água mineral Nestlé pureza vital com gás,{},outros,ai_estimated,7896062800145,água mineral nestlé pureza vital com gás,,,,,,,,,,
Filtr pape export 102,{},outros,ai_estimated,7896362900248,filtr pape export 102,,,,,,,,,,
Filtr pape export 103,{},outros,ai_estimated,7896362900101,filtr pape export 103,,,,,,,,,,
Filtro rancheiro n 102 reutilizavel,{},outros,ai_estimated,7896253400932,filtro rancheiro n 102 reutilizavel,,,,,,,,,,
Livean,{},outros,ai_estimated,7802800576746,livean,,,,,,,,,Livean,Livean
S louro sg,{},outros,ai_estimated,7896062802361,s louro sg,,,,,,,,,,
"São Lourenço C/G 1,26L",{},outros,ai_estimated,7896062801067,"são lourenço c/g 1,26l",,,,,,,,,,
Antimofo mix,{},outros,ai_estimated,7897011501847,antimofo mix,,,,,,,,,mix,
Protex duo protect 500ml,{},outros,ai_estimated,7509546665115,protex duo protect 500ml,,,,,,,,,,Protex duo protect 500ml
Palmolive nutri-milk hidratação prolongada 500ml,{},outros,ai_estimated,7509546659329,palmolive nutri-milk hidratação prolongada 500ml,,,,,,,,,,Palmolive nutri-milk hidratação prolongada 500ml
D-Tone,{},outros,ai_estimated,7896213005580,d-tone,,,,,,,,,Vitarella,
Veja power fusion eucalipto,{},outros,ai_estimated,7891035002564,veja power fusion eucalipto,,,,,,,,,,
Lysol desinfetante SPRAY,{},outros,ai_estimated,7891035001031,lysol desinfetante spray,,,,,,,,,,
Pinho Sol,{},outros,ai_estimated,7509546661087,pinho sol,,,,,,,,,,
Fralda Huggies LITTLE SWIMMERS,{},outros,ai_estimated,7896007551095,fralda huggies little swimmers,,,,,,,,,,
Pato Gel adesivo MARINE,{},outros,ai_estimated,7894650002667,pato gel adesivo marine,,,,,,,,,,
VEJA X-14 BANHEIRO,{},outros,ai_estimated,7891035800238,veja x-14 banheiro,,,,,,,,,,
Removedor Carrefour,{},outros,ai_estimated,7891103189609,removedor carrefour,,,,,,,,,,
Removedor tradicional Carrefour,{},outros,ai_estimated,7891103189586,removedor tradicional carrefour,,,,,,,,,,
Limpador multiuso Carrefour maçã verde,{},outros,ai_estimated,7891103189401,limpador multiuso carrefour maçã verde,,,,,,,,,,
AJAX LIMPEZA PESADA ORIGINAL,{},outros,ai_estimated,7509546689722,ajax limpeza pesada original,,,,,,,,,,
Lustra móveis Jasmim Carrefour,{},outros,ai_estimated,7891103225079,lustra móveis jasmim carrefour,,,,,,,,,,
VRJA COZINHA DESENGORDURANTE,{},outros,ai_estimated,7891035001741,vrja cozinha desengordurante,,,,,,,,,,
Removedor de ceras,{},outros,ai_estimated,7896040701815,removedor de ceras,,,,,,,,,,
Evita Mofo TEKBOND neutro,{},outros,ai_estimated,7898543383833,evita mofo tekbond neutro,,,,,,,,,,
Glade Lavanda,{},outros,ai_estimated,7894650005125,glade lavanda,,,,,,,,,,
Glade LARANJA CÍTRICA,{},outros,ai_estimated,7894650000052,glade laranja cítrica,,,,,,,,,,
Neutralizador de odores bom ar cheirinho de talco,{},outros,ai_estimated,7891035001093,neutralizador de odores bom ar cheirinho de talco,,,,,,,,,,
Limpador perfumado Carrefour,{},outros,ai_estimated,7891103225109,limpador perfumado carrefour,,,,,,,,,,
Lustra Móveis CRF Jasmim,{},outros,ai_estimated,7891103225062,lustra móveis crf jasmim,,,,,,,,,,
Amaciante de roupas Carrefour brindo som,{},outros,ai_estimated,7891103215117,amaciante de roupas carrefour brindo som,,,,,,,,,,
HARPIC PINHO CAMPESTRE,{},outros,ai_estimated,7891035142420,harpic pinho campestre,,,,,,,,,,
HARPIC Power Fresh 6,{},outros,ai_estimated,7891035991080,harpic power fresh 6,,,,,,,,,,
Condicionador Palmolive óleo de argan,{},outros,ai_estimated,7509546689890,condicionador palmolive óleo de argan,,,,,,,,,,
Mr Músculo Banheiro,{},outros,ai_estimated,7894650003244,mr músculo banheiro,,,,,,,,,,
SANTA DIGNA,{},outros,ai_estimated,8410113005281,santa digna,,,,,,,,,MIGUEL TORRES,SANTA DIGNA
Gin flowers marrom,{},outros,ai_estimated,7908026901499,gin flowers marrom,,,,,,,,,,
Agora,{},outros,ai_estimated,7891010591014,agora,,,,,,,,,,
PROPÓLEO,{},outros,ai_estimated,7802200133563,propóleo,,,,,,,,,PRO,PROPÓLEO
Lenço,{},outros,ai_estimated,7898146001479,lenço,,,,,,,,,,Lenço
Galo,{},outros,ai_estimated,01954180,galo,,,,,,,,,,Galo
CENTELLA,{},outros,ai_estimated,8445291145832,centella,,,,,,,,,"Nestle, Savory",CENTELLA
Horrible me dejo la boca pegajosa y no lo podía tragar :/.,{},outros,ai_estimated,77960870,horrible me dejo la boca pegajosa y no lo podía tragar :/.,,,,,,,,,,Horrible me dejo la boca pegajosa y no lo podía tragar :/.
Agua Cristal C/gás,{},outros,ai_estimated,7894900531206,agua cristal c/gás,,,,,,,,,,
Canudo 2 Furos,{},outros,ai_estimated,6921615412030,canudo 2 furos,,,,,,,,,Tio Léo,
DIET RHINO,{},outros,ai_estimated,0634240003219,diet rhino,,,,,,,,,NAOSKINGDOM,DIET RHINO
Rose Zero,{},outros,ai_estimated,7804602381405,rose zero,,,,,,,,,Viñamar,Rose Zero
Brilhante tira manchas s/cloro utile floral 380g,{},outros,ai_estimated,7891150067868,brilhante tira manchas s/cloro utile floral 380g,,,,,,,,,,Brilhante tira manchas s/cloro utile floral 380g
Cesta Prata N°1A RH Quality,{},outros,ai_estimated,7894876005855,cesta prata n°1a rh quality,,,,,,,,,,Cesta Prata N°1A RH Quality
VITADAY,{},outros,ai_estimated,2000000742083,vitaday,,,,,,,,,VITADAY,VITADAY
Val Maira,{},outros,ai_estimated,7790636000545,val maira,,,,,,,,,Val Maira,Val Maira
AMERICAN DREAM SUGAR FREE Syrup,{},outros,ai_estimated,7807910048213,american dream sugar free syrup,,,,,,,,,Cuisine & Co.,AMERICAN DREAM SUGAR FREE Syrup
MUSEO,{},outros,ai_estimated,8445291796478,museo,,,,,,,,,McKay,MUSEO
CREATINE ADVANCED,{},outros,ai_estimated,7804609253552,creatine advanced,,,,,,,,,NTGSPORT,CREATINE ADVANCED
Crush Orange Zero,{},outros,ai_estimated,7801620007034,crush orange zero,,,,,,,,,Crush,Crush Orange Zero
Pepsi 0% Azúcar,{},outros,ai_estimated,7801620009342,pepsi 0% azúcar,,,,,,,,,Pepsi,Pepsi 0% Azúcar
Refrigerante Guaraná Kuat Zero Lata 350ml,{},outros,ai_estimated,7894900920017,refrigerante guaraná kuat zero lata 350ml,,,,,,,,,,Refrigerante Guaraná Kuat Zero Lata 350ml
LIMÓN SODA,{},outros,ai_estimated,0781620004293,limón soda,,,,,,,,,CANADA DRY,
Vit D3 800 IU,{},outros,ai_estimated,0781584321629,vit d3 800 iu,,,,,,,,,Sunvit life,Vit D3 800 IU
Canada Dry Ginger Ale,{},outros,ai_estimated,7801620360153,canada dry ginger ale,,,,,,,,,Canada Dry,Canada Dry Ginger Ale
TOQUE DE SAL MARINA,{},outros,ai_estimated,7802000020834,toque de sal marina,,,,,,,,,Ostitos,TOQUE DE SAL MARINA
Corante verde,{},outros,ai_estimated,7896226300542,corante verde,,,,,,,,,,Corante verde
Gás para chantilly,{},outros,ai_estimated,7897985590212,gás para chantilly,,,,,,,,,,Gás para chantilly
Schweppes lata,{},outros,ai_estimated,2860900300017,schweppes lata,,,,,,,,,,Schweppes lata
Soda Light,{},outros,ai_estimated,0653430214884,soda light,,,,,,,,,McKay,Soda Light
Mistral ICE,{},outros,ai_estimated,7802175001645,mistral ice,,,,,,,,,Mistral,Mistral ICE
Coca ks zero,{},outros,ai_estimated,7894900705034,coca ks zero,,,,,,,,,,Coca ks zero
Acquissima com gas,{},outros,ai_estimated,7898646710017,acquissima com gas,,,,,,,,,,Acquissima com gas
Acquissima sem gas,{},outros,ai_estimated,7898929280077,acquissima sem gas,,,,,,,,,,Acquissima sem gas
S pelegrino,{},outros,ai_estimated,9341170536472,s pelegrino,,,,,,,,,,S pelegrino
Sprite lata,{},outros,ai_estimated,2860900681017,sprite lata,,,,,,,,,,Sprite lata
Gás de chantilly,{},outros,ai_estimated,7898938133616,gás de chantilly,,,,,,,,,,Gás de chantilly
Caldê MDK 1000 UI,{},outros,ai_estimated,7896226109558,caldê mdk 1000 ui,,,,,,,,,Marjan,
GOODNES MAGNESIO,{},outros,ai_estimated,8445291878105,goodnes magnesio,,,,,,,,,Nestle.,GOODNES MAGNESIO
Score Water Sabor Limón,{},outros,ai_estimated,0798190268361,score water sabor limón,,,,,,,,,Score Water,Score Water Sabor Limón
SCORE Water aloe vera,{},outros,ai_estimated,0798190264608,score water aloe vera,,,,,,,,,SCORE,SCORE Water aloe vera
Fanta zero azúcar,{},outros,ai_estimated,7801610671016,fanta zero azúcar,,,,,,,,,Fanta,Fanta zero azúcar
Fanta sabor naranja,{},outros,ai_estimated,7801610002841,fanta sabor naranja,,,,,,,,,Fanta,Fanta sabor naranja
Magnesium (powder),{},outros,ai_estimated,0766298015514,magnesium (powder),,,,,,,,,pure encapsulations,Magnesium (powder)
Pepsi black 200ml,{},outros,ai_estimated,0844556854614,pepsi black 200ml,,,,,,,,,,Pepsi black 200ml
H20,{},outros,ai_estimated,0855006610063,h20,,,,,,,,,,H20
Difusor de ambiente,{},outros,ai_estimated,7898963234159,difusor de ambiente,,,,,,,,,aromas brasil,difusor de ambiente
